Date,Price
20200130,3151.8200
20200129,3190.8300
20200128,3173.5700
20200125,3103.4200
20200124,3095.3300
20200123,3097.5300
20200122,3094.9000
20200121,3081.3200
20200118,3079.2900
20200117,3078.5200
20200116,3065.1700
20200115,3050.5100
20200114,3037.9200
20200111,3050.6000
20200110,3047.2800
20200101,3031.2500
20191231,3008.3600
20191228,3012.6800
20191227,2960.6400
20191226,2958.1800
20191225,2979.8000
20191224,2969.9500
20191221,2963.3000
20191220,2964.0300
20191219,2975.6800
20191218,2972.2800
20191217,2981.4800
20191214,2957.6300
20191213,2997.7000
20191212,3000.2100
20191211,2993.4900
20191210,2998.6000
20191207,3021.3700
20191206,3025.3600
20191205,3046.0200
20191204,3032.1900
20191203,3018.2200
20191130,3000.4800
20191129,3003.8300
20191128,3002.4500
20191127,3000.4500
20191126,2991.9400
20191123,3013.7000
20191122,3015.0600
20191121,3037.4800
20191120,3003.5500
20191119,2989.3500
20191116,3010.4100
20191115,3029.8200
20191114,3020.7100
20191113,2987.0000
20191112,3011.3400
20191109,3005.5000
20191108,3040.8600
20191107,3043.1900
20191106,3059.5600
20191102,3108.2700
20191101,3088.7300
20191031,3060.1400
20191030,3063.4900
20191029,3090.5700
20191026,3095.8700
20191025,3056.8300
20191024,3065.0200
20191023,3043.1200
20191022,3056.1700
20191019,3058.5600
20191018,3055.1600
20191017,3067.0300
20191016,3087.9100
20191015,3092.0800
20191012,3093.8500
20191011,3139.3000
20191010,3146.5200
20191009,3128.2900
20191008,3130.7800
20191005,3156.0000
20191004,3149.4000
20191003,3122.3500
20191002,3067.0100
20191001,3091.6000
20190928,3098.5400
20190927,3114.9700
20190926,3159.1700
20190925,3113.7700
20190924,3123.9200
20190921,3087.5900
20190920,3093.7700
20190919,3111.7200
20190918,3090.8800
20190917,3082.3400
20190914,3122.2500
20190913,3150.0800
20190912,3142.1800
20190911,3144.5200
20190910,3183.1500
20190907,3193.3300
20190906,3275.9400
20190905,3290.0000
20190904,3296.4800
20190903,3263.0100
20190831,3263.2900
20190830,3297.6000
20190829,3291.9700
20190828,3263.3500
20190827,3189.7000
20190824,3154.3600
20190823,3161.8300
20190822,3194.8600
20190821,3226.4200
20190820,3210.8600
20190817,3201.9400
20190816,3215.0400
20190815,3145.2300
20190814,3221.0800
20190813,3159.4700
20190810,3154.3000
20190809,3135.5200
20190808,3113.3400
20190807,3064.5100
20190806,3048.3300
20190803,2984.5400
20190802,2886.3700
20190801,2916.7600
20190731,2910.7300
20190730,2897.8500
20190727,2878.4500
20190726,2896.2700
20190725,2892.7700
20190724,2877.1200
20190723,2884.1900
20190720,2904.5700
20190719,2870.2000
20190718,2834.8400
20190717,2859.7900
20190716,2860.7800
20190713,2847.9600
20190712,2882.2300
20190711,2862.3200
20190710,2845.3700
20190709,2884.9100
20190706,2891.4200
20190705,2884.8400
20190704,2909.2200
20190703,2831.8600
20190702,2817.9600
20190629,2865.8700
20190628,2842.2900
20190627,2840.7000
20190626,2873.6200
20190625,2842.6400
20190622,2817.8800
20190621,2815.7500
20190620,2761.3000
20190619,2781.1000
20190618,2756.9100
20190615,2801.6700
20190614,2775.7200
20190612,2743.4800
20190611,2767.6200
20190608,2790.1100
20190607,2803.3800
20190606,2800.9700
20190605,2772.9200
20190604,2769.3200
20190601,2724.3500
20190531,2669.9100
20190530,2678.4700
20190529,2664.0800
20190528,2658.0500
20190525,2662.0300
20190524,2645.6100
20190523,2638.4600
20190522,2647.5900
20190521,2644.0500
20190518,2671.8800
20190517,2689.1000
20190516,2708.1300
20190515,2724.2400
20190514,2700.5000
20190509,2700.6000
20190508,2686.5800
20190507,2685.6800
20190501,2670.4700
20190430,2666.7200
20190427,2665.9300
20190426,2657.2800
20190425,2620.2000
20190424,2611.7400
20190423,2616.1600
20190420,2623.3100
20190419,2629.4100
20190418,2623.5100
20190417,2651.5000
20190416,2657.8900
20190413,2688.5700
20190412,2701.2500
20190411,2715.7500
20190410,2711.2500
20190409,2725.2600
20190406,2710.4100
20190405,2712.8100
20190404,2706.5100
20190403,2709.5400
20190402,2717.1500
20190330,2687.2300
20190329,2722.8000
20190328,2737.6000
20190327,2713.4400
20190326,2735.9300
20190323,2688.1100
20190322,2699.6100
20190321,2692.8600
20190320,2705.4400
20190319,2714.0400
20190316,2739.8700
20190315,2731.8600
20190314,2759.0700
20190313,2742.3600
20190312,2753.9700
20190308,2728.2100
20190307,2721.3800
20190306,2718.4600
20190305,2723.4400
20190302,2771.8300
20190301,2807.8300
20190228,2804.2900
20190227,2800.7000
20190226,2788.6900
20190223,2785.1200
20190222,2813.1700
20190221,2849.4200
20190220,2829.8800
20190219,2819.8700
20190216,2826.5800
20190215,2793.3100
20190214,2768.6300
20190213,2771.1200
20190212,2758.2200
20190209,2784.7300
20190208,2773.3700
20190207,2772.8700
20190206,2770.0400
20190205,2764.4200
20190202,2788.1300
20190201,2778.9700
20190131,2790.1800
20190130,2790.6000
20190129,2757.7300
20190126,2718.9300
20190125,2715.6300
20190124,2740.2000
20190123,2748.8900
20190122,2728.2700
20190119,2740.4800
20190118,2764.2600
20190117,2769.9800
20190116,2780.7900
20190115,2794.7400
20190112,2781.3600
20190111,2778.1600
20190110,2763.3200
20181230,2856.6800
20181229,2854.8800
20181228,2814.7500
20181227,2793.3500
20181226,2787.6100
20181225,2773.9200
20181222,2749.7700
20181221,2718.3600
20181220,2694.1100
20181219,2679.8200
20181218,2654.0400
20181215,2646.6900
20181214,2650.8600
20181213,2658.2000
20181212,2668.8800
20181211,2655.3300
20181208,2670.5800
20181207,2653.0100
20181206,2655.8000
20181205,2647.4200
20181204,2623.7800
20181201,2610.6600
20181130,2627.4700
20181129,2611.1500
20181128,2630.2100
20181127,2622.8900
20181124,2580.2300
20181123,2590.7500
20181122,2595.2400
20181121,2579.1200
20181120,2596.6300
20181117,2579.5900
20181116,2592.8000
20181115,2626.5700
20181114,2605.8700
20181113,2620.4300
20181110,2620.0600
20181109,2604.5700
20181108,2624.3600
20181107,2619.9400
20181103,2604.9800
20181102,2581.9700
20181101,2568.0900
20181031,2579.9200
20181030,2604.1800
20181027,2608.3100
20181026,2604.5600
20181025,2598.8400
20181024,2594.4700
20181023,2567.6600
20181020,2598.9400
20181019,2587.6600
20181018,2579.5400
20181017,2589.0100
20181016,2606.4800
20181013,2585.1500
20181012,2578.5100
20181011,2524.4700
20181010,2534.9900
20181009,2572.5100
20181006,2572.8800
20181005,2553.3300
20181004,2531.4900
20181003,2500.9100
20181002,2498.9300
20180929,2495.7500
20180928,2531.5200
20180927,2534.4800
20180926,2538.4000
20180925,2549.8300
20180922,2572.1600
20180921,2570.9800
20180920,2591.7600
20180919,2612.6200
20180918,2624.0400
20180915,2648.0100
20180914,2662.7500
20180913,2679.2600
20180912,2686.1700
20180911,2686.1500
20180908,2664.8500
20180907,2642.6000
20180906,2629.6900
20180905,2624.7300
20180904,2617.3400
20180901,2640.2100
20180831,2631.8100
20180830,2638.5200
20180829,2627.6300
20180828,2595.2200
20180825,2593.5400
20180824,2615.8100
20180823,2601.8500
20180822,2579.0500
20180821,2567.5900
20180818,2530.0300
20180817,2537.0300
20180816,2532.5100
20180815,2565.3200
20180814,2641.7700
20180811,2606.4100
20180810,2590.3900
20180809,2478.8000
20180808,2482.9900
20180807,2474.2900
20180804,2463.8500
20180803,2471.5600
20180802,2459.3400
20180801,2443.9900
20180731,2466.6300
20180728,2468.3100
20180727,2485.9300
20180726,2495.7800
20180725,2476.8000
20180724,2497.9800
20180721,2500.1800
20180720,2476.5900
20180719,2474.1800
20180718,2496.4200
20180717,2491.7500
20180714,2484.4500
20180713,2489.6700
20180712,2495.6200
20180711,2516.9600
20180710,2550.6400
20180707,2545.2800
20180706,2547.4200
20180705,2555.0100
20180704,2532.2500
20180703,2535.4400
20180630,2523.1900
20180629,2544.5800
20180628,2551.1300
20180627,2537.9000
20180626,2569.9200
20180623,2581.5500
20180622,2591.6100
20180621,2604.2400
20180620,2634.5400
20180619,2615.1000
20180616,2620.1800
20180615,2612.4500
20180614,2626.6500
20180610,2602.1800
20180609,2617.6600
20180608,2580.1300
20180607,2582.1500
20180606,2575.1600
20180605,2577.7300
20180602,2598.2400
20180601,2599.1100
20180531,2613.3500
20180530,2622.3100
20180529,2609.6800
20180526,2585.2200
20180525,2559.4400
20180524,2562.5200
20180523,2548.4500
20180522,2585.1600
20180519,2563.3800
20180518,2561.7300
20180517,2587.5000
20180516,2607.8600
20180515,2622.7800
20180512,2629.5100
20180511,2642.9500
20180509,2653.7800
20180508,2640.1800
20180505,2660.5500
20180504,2680.6000
20180429,2634.1900
20180428,2657.3900
20180427,2660.6200
20180426,2631.9000
20180425,2631.5400
20180424,2637.1500
20180421,2642.1800
20180420,2637.3500
20180419,2664.8300
20180418,2640.0600
20180417,2691.9300
20180414,2648.0500
20180413,2685.6900
20180412,2770.6500
20180411,2678.9000
20180410,2501.7200
20180407,2464.7900
20180406,2456.6700
20180405,2494.4600
20180404,2472.5400
20180403,2438.2100
20180331,2437.3500
20180330,2458.6300
20180329,2481.7300
20180328,2482.7800
20180327,2471.2400
20180324,2464.6100
20180323,2428.3600
20180322,2433.3000
20180321,2435.4200
20180320,2427.0900
20180317,2440.0900
20180316,2425.9600
20180315,2425.4200
20180314,2413.9200
20180313,2397.5600
20180308,2433.4100
20180307,2406.9700
20180306,2434.8300
20180303,2398.7400
20180302,2379.1000
20180301,2393.0100
20180228,2385.4700
20180227,2407.4700
20180223,2415.2600
20180222,2419.9900
20180221,2430.2700
20180220,2440.8100
20180217,2461.6000
20180216,2463.0100
20180215,2463.9600
20180214,2469.1600
20180213,2465.3600
20180210,2461.3600
20180209,2431.0100
20180208,2432.6000
20180207,2473.6900
20180206,2434.3600
20180203,2423.3600
20180202,2425.8400
20180201,2426.5700
20180131,2435.4600
20180130,2440.3200
20180127,2430.9700
20180126,2445.9400
20180125,2448.3800
20180124,2425.0600
20180123,2428.9100
20180120,2430.3300
20180119,2426.6100
20180118,2433.2900
20180117,2420.1400
20180116,2433.4000
20180113,2425.6000
20180112,2418.5600
20180111,2416.6600
20180110,2411.7200
20171230,2400.9700
20171229,2393.1000
20171228,2374.3900
20171227,2353.7500
20171226,2372.6900
20171223,2377.4400
20171222,2383.2600
20171221,2389.8500
20171220,2380.2000
20171219,2375.1400
20171216,2380.7700
20171215,2369.9600
20171214,2360.9500
20171213,2352.0800
20171212,2383.2200
20171209,2374.5000
20171208,2395.9300
20171207,2403.3700
20171206,2407.6300
20171205,2425.9500
20171202,2403.0200
20171201,2414.8500
20171130,2428.3400
20171129,2429.9500
20171128,2425.8200
20171125,2425.9700
20171124,2424.9700
20171123,2435.7700
20171122,2446.9700
20171121,2462.8600
20171118,2461.4300
20171117,2464.3200
20171116,2490.4600
20171115,2441.4900
20171114,2432.4800
20171111,2448.0600
20171110,2446.0400
20171109,2442.5100
20171108,2398.7600
20171104,2395.7200
20171103,2383.7200
20171102,2391.8700
20171101,2381.2600
20171031,2368.1000
20171028,2367.5200
20171027,2373.4600
20171026,2358.0200
20171025,2366.6500
20171024,2356.3100
20171021,2367.2400
20171020,2375.4900
20171019,2358.1100
20171018,2377.5600
20171017,2395.4200
20171014,2396.9600
20171013,2400.7800
20171012,2402.6100
20171011,2407.7300
20171010,2403.8700
20171007,2355.1300
20171006,2366.6700
20171005,2369.6800
20171004,2366.9700
20171003,2366.3700
20170930,2400.5300
20170929,2412.4600
20170928,2408.3600
20170927,2416.8000
20170926,2397.7000
20170923,2404.0900
20170922,2428.5700
20170921,2457.4000
20170920,2444.1000
20170919,2435.1400
20170916,2450.9100
20170915,2457.3000
20170914,2470.0800
20170913,2441.8000
20170912,2460.6700
20170909,2475.5000
20170908,2462.5800
20170907,2470.5400
20170906,2475.8400
20170905,2479.3200
20170902,2460.8400
20170901,2457.8800
20170831,2474.7200
20170830,2490.4400
20170829,2419.3500
20170826,2447.5000
20170825,2444.9900
20170824,2445.6800
20170823,2439.3300
20170822,2448.2700
20170819,2471.9900
20170818,2449.5100
20170817,2435.9700
20170816,2455.7500
20170815,2463.0200
20170812,2492.9400
20170811,2464.1700
20170810,2444.3400
20170809,2432.9300
20170808,2428.3100
20170805,2461.9200
20170804,2464.5000
20170803,2467.1200
20170802,2437.9000
20170801,2445.4200
20170729,2411.3400
20170728,2410.6200
20170727,2398.8300
20170726,2407.8600
20170725,2408.7500
20170722,2363.1900
20170721,2348.8700
20170720,2361.5000
20170719,2361.3800
20170718,2335.4900
20170715,2346.7300
20170714,2363.3400
20170713,2376.6900
20170712,2366.6300
20170711,2341.1200
20170708,2369.0800
20170707,2371.2800
20170706,2340.5500
20170705,2331.3000
20170704,2341.8300
20170701,2373.7500
20170630,2368.0900
20170629,2395.9400
20170628,2367.2200
20170627,2353.8200
20170624,2409.5800
20170623,2419.9700
20170622,2405.6100
20170621,2347.5900
20170620,2331.3100
20170617,2332.7600
20170616,2327.5000
20170615,2325.4200
20170614,2307.7800
20170610,2335.2600
20170609,2353.9200
20170608,2351.8600
20170607,2346.6300
20170606,2331.1600
20170603,2298.1400
20170602,2301.5000
20170601,2303.3400
20170531,2294.5800
20170530,2306.5500
20170527,2308.3000
20170526,2266.1700
20170525,2264.0200
20170524,2290.8600
20170523,2280.1300
20170520,2300.5800
20170519,2330.5300
20170518,2270.3700
20170517,2232.1600
20170516,2238.0600
20170513,2256.7100
20170512,2242.1500
20170511,2283.7300
20170506,2332.6100
20170505,2287.5100
20170504,2301.7100
20170503,2299.4200
20170429,2318.5800
20170428,2315.7500
20170427,2290.2000
20170426,2281.1400
20170425,2293.0500
20170422,2316.7700
20170421,2321.5200
20170420,2315.4800
20170419,2312.7100
20170418,2322.3800
20170415,2324.1900
20170414,2340.4300
20170413,2321.6100
20170412,2299.3800
20170411,2313.0400
20170408,2313.7000
20170407,2274.9100
20170406,2250.7800
20170405,2288.6000
20170404,2249.3900
20170401,2234.0300
20170331,2267.3700
20170330,2297.0200
20170329,2294.8600
20170328,2304.3300
20170325,2296.7300
20170324,2307.8700
20170323,2309.0700
20170322,2267.0500
20170321,2270.8700
20170318,2288.7100
20170317,2295.0300
20170316,2284.9000
20170315,2281.2300
20170314,2296.2200
20170311,2278.0900
20170310,2278.4800
20170308,2292.2300
20170307,2309.1200
20170304,2327.2500
20170303,2334.6900
20170302,2338.6900
20170301,2332.9700
20170228,2340.0400
20170223,2286.7800
20170222,2285.6400
20170221,2307.4500
20170218,2300.2900
20170217,2272.4500
20170216,2236.2100
20170215,2282.6500
20170214,2294.9600
20170211,2319.0400
20170210,2356.4000
20170209,2364.1800
20170208,2342.7300
20170207,2306.4100
20170204,2313.2600
20170203,2360.6900
20170202,2346.2000
20170201,2315.8200
20170131,2301.4600
20170128,2296.5400
20170127,2284.5900
20170126,2288.6700
20170125,2309.9600
20170124,2322.0000
20170121,2300.3800
20170120,2296.2500
20170119,2307.1200
20170118,2325.1800
20170117,2304.9500
20170114,2283.5800
20170113,2308.2000
20170112,2297.0000
20170111,2280.6700
20170110,2264.8200
20161231,2260.4300
20161230,2222.2900
20161229,2223.0600
20161228,2212.9700
20161227,2214.7800
20161224,2212.7600
20161223,2212.2900
20161222,2228.7600
20161221,2250.5600
20161220,2260.0600
20161217,2253.0800
20161216,2244.1400
20161215,2269.6800
20161214,2272.3600
20161213,2285.5400
20161210,2378.9800
20161209,2394.1800
20161208,2406.6800
20161207,2405.0700
20161206,2394.1100
20161203,2416.6000
20161202,2392.8800
20161201,2490.5200
20161130,2479.1100
20161129,2481.7400
20161126,2467.0300
20161125,2466.9100
20161124,2496.7800
20161123,2490.7300
20161122,2513.9200
20161119,2524.4700
20161118,2571.2800
20161117,2543.5900
20161116,2590.0700
20161115,2588.7500
20161112,2632.8000
20161111,2611.5900
20161110,2679.8100
20161109,2631.1400
20161108,2643.9500
20161104,2639.9300
20161103,2642.0900
20161102,2609.9100
20161101,2589.7900
20161029,2560.1600
20161028,2572.5900
20161027,2549.9600
20161026,2532.1100
20161025,2535.1400
20161022,2537.7700
20161021,2547.0700
20161020,2554.8900
20161019,2551.0000
20161018,2543.4200
20161015,2544.0600
20161014,2562.0900
20161013,2526.8300
20161012,2512.3000
20161011,2531.5600
20161008,2513.8800
20161007,2538.4500
20161006,2558.2900
20161005,2627.7800
20161004,2651.7400
20161001,2706.5600
20160930,2682.0900
20160929,2723.8800
20160928,2735.4800
20160927,2756.1000
20160924,2742.9800
20160923,2732.8900
20160922,2734.0400
20160921,2738.4000
20160920,2744.6900
20160917,2746.2600
20160916,2767.9500
20160915,2764.1000
20160914,2768.1900
20160913,2776.5100
20160910,2755.2400
20160909,2772.5400
20160908,2791.7500
20160907,2772.2900
20160906,2765.8200
20160903,2777.3900
20160902,2739.4200
20160901,2757.6500
20160831,2752.1900
20160830,2759.3500
20160827,2757.6100
20160826,2765.6300
20160825,2786.6900
20160824,2787.2300
20160823,2754.4300
20160820,2768.7000
20160819,2752.3100
20160818,2762.6600
20160817,2773.8600
20160816,2764.5400
20160813,2764.9100
20160812,2807.6600
20160811,2816.9900
20160810,2776.2700
20160809,2782.8500
20160806,2872.2100
20160805,2884.1900
20160804,2927.7300
20160803,2920.4200
20160802,2860.2500
20160730,2872.5300
20160729,2851.0200
20160728,2800.4100
20160727,2792.6100
20160726,2744.6300
20160723,2749.3500
20160722,2709.0400
20160721,2702.8200
20160720,2697.9000
20160719,2691.0300
20160716,2702.1800
20160715,2709.8100
20160714,2751.4300
20160713,2779.4600
20160712,2803.6400
20160709,2801.2200
20160708,2815.2100
20160707,2846.7400
20160706,2778.5900
20160705,2761.5600
20160702,2740.9800
20160701,2717.3500
20160630,2722.3700
20160629,2733.7800
20160628,2770.6500
20160625,2768.0100
20160624,2617.5400
20160623,2591.3800
20160622,2642.6100
20160621,2646.7000
20160618,2702.5100
20160617,2767.5800
20160616,2716.8600
20160615,2716.0800
20160611,2635.0300
20160610,2578.7300
20160609,2604.3600
20160608,2601.9800
20160607,2623.9800
20160604,2602.8900
20160603,2608.5000
20160602,2604.8900
20160601,2568.4700
20160531,2584.0400
20160528,2593.0500
20160527,2571.5800
20160526,2586.2400
20160525,2678.7600
20160524,2695.3900
20160521,2681.4800
20160520,2668.9000
20160519,2658.5400
20160518,2634.4000
20160517,2672.4800
20160514,2661.9600
20160513,2648.8900
20160512,2708.6200
20160511,2697.2700
20160507,2724.5600
20160506,2702.6400
20160505,2723.8000
20160430,2636.1300
20160429,2630.6200
20160428,2607.7500
20160427,2637.6400
20160426,2636.7100
20160423,2651.4700
20160422,2629.2600
20160421,2649.1200
20160420,2620.7500
20160419,2716.7600
20160416,2611.2500
20160415,2651.6100
20160414,2634.0500
20160413,2685.9500
20160412,2691.7100
20160409,2678.8200
20160408,2697.3700
20160407,2700.3500
20160406,2727.6100
20160405,2682.6700
20160402,2659.6500
20160401,2691.2100
20160331,2691.3900
20160330,2688.9900
20160329,2660.8000
20160326,2686.4700
20160325,2695.9400
20160324,2679.6700
20160323,2727.7500
20160322,2752.5900
20160319,2758.8900
20160318,2798.5100
20160317,2815.8100
20160316,2797.7300
20160315,2834.1600
20160312,2853.2000
20160311,2850.8200
20160310,2927.9300
20160305,2991.7900
20160304,2947.7700
20160303,2910.0100
20160302,2952.2900
20160301,3011.6000
20160227,2971.8900
20160226,3034.2500
20160225,3026.5100
20160221,3053.0900
20160220,2999.0400
20160219,2921.8900
20160218,3009.5400
20160217,2971.0100
20160216,3021.9200
20160213,3167.9400
20160212,3111.4400
20160211,3008.3500
20160210,3007.4800
20160209,2899.6500
20160206,2880.6900
20160205,2817.8000
20160204,2879.5200
20160203,2815.0900
20160202,2753.3300
20160130,2689.7100
20160129,2783.4200
20160128,2835.6900
20160127,2932.9900
20160126,2760.5900
20160123,2843.3800
20160122,2947.6700
20160121,2792.8400
20160120,2742.9200
20160119,2758.0000
20160116,2661.2600
20160115,2683.5400
20160114,2658.2000
20160113,2696.4800
20160112,2697.5300
20160101,2490.7100
20151231,2502.1000
20151230,2487.9100
20151229,2439.4700
20151226,2421.6400
20151225,2395.7000
20151224,2443.6200
20151223,2462.6600
20151222,2453.9100
20151219,2419.7300
20151218,2418.6500
20151217,2412.2700
20151216,2434.6900
20151215,2411.2900
20151212,2373.5000
20151211,2385.5400
20151210,2399.2600
20151209,2388.0000
20151208,2385.0000
20151205,2312.7000
20151204,2289.0700
20151203,2289.3000
20151202,2277.7800
20151201,2265.0500
20151128,2267.3200
20151127,2260.6600
20151126,2257.1900
20151125,2263.7800
20151124,2253.1500
20151121,2263.1100
20151120,2239.5300
20151119,2229.5000
20151118,2275.3300
20151117,2338.6800
20151114,2321.7600
20151113,2288.7400
20151112,2259.8800
20151111,2261.7100
20151110,2277.6300
20151107,2267.9700
20151106,2257.0400
20151104,2321.6300
20151103,2329.7500
20151031,2375.4700
20151030,2391.0900
20151029,2460.1000
20151028,2379.9800
20151027,2348.1500
20151024,2332.6100
20151023,2354.7200
20151022,2364.8100
20151021,2345.7000
20151020,2314.4800
20151017,2320.6200
20151016,2368.0800
20151015,2382.0300
20151014,2309.4200
20151013,2288.9700
20151010,2269.3000
20151009,2289.8100
20151008,2314.2200
20151007,2379.4100
20151006,2393.3500
20151003,2345.4300
20151002,2329.6600
20151001,2372.3700
20150930,2394.9000
20150929,2397.1500
20150926,2418.6400
20150925,2426.0300
20150924,2387.8200
20150923,2402.6600
20150922,2417.6500
20150919,2397.5500
20150918,2349.7300
20150917,2352.2400
20150916,2386.9500
20150915,2420.8400
20150912,2419.0900
20150911,2439.4900
20150910,2439.9800
20150909,2479.0400
20150908,2468.3200
20150905,2448.1400
20150904,2434.6100
20150903,2443.7800
20150902,2399.1700
20150901,2434.5100
20150829,2405.5500
20150828,2447.1300
20150827,2528.0100
20150826,2595.7000
20150825,2623.6900
20150822,2517.2600
20150821,2449.8200
20150820,2373.3400
20150819,2368.6200
20150818,2353.0100
20150815,2331.4900
20150814,2299.0700
20150813,2334.4900
20150812,2262.3900
20150811,2270.2300
20150808,2239.9900
20150807,2227.8200
20150806,2190.8600
20150805,2210.1800
20150804,2195.1600
20150801,2095.4700
20150731,2059.0300
20150730,2107.4400
20150729,2121.3200
20150728,2076.2100
20150725,2022.2200
20150724,2031.5500
20150723,2010.8000
20150722,2030.6000
20150721,2037.3700
20150718,2088.8600
20150717,2096.6700
20150716,2103.7200
20150715,2112.5100
20150714,2101.9900
20150711,2117.8200
20150710,2128.9200
20150709,2123.3400
20150708,2145.4800
20150707,2111.5500
20150704,2088.5200
20150703,2083.3600
20150702,2089.8200
20150701,2109.5200
20150630,2100.2100
20150627,2069.6000
20150626,2062.0300
20150625,2044.0900
20150624,2062.3800
20150623,2055.4200
20150620,2072.4700
20150619,2054.0900
20150618,2042.2500
20150617,2053.8400
20150616,2093.6400
20150612,2069.5700
20150611,2090.4000
20150610,2122.9000
20150609,2114.2800
20150606,2126.4500
20150605,2090.5600
20150604,2024.2000
20150603,2042.4800
20150602,2016.3200
20150530,2027.3400
20150529,1999.6800
20150528,1948.3800
20150527,1931.7700
20150526,1930.2600
20150523,1938.5500
20150522,1941.3800
20150521,1931.8200
20150520,1928.3900
20150519,1943.4000
20150516,1955.7000
20150515,1955.7800
20150514,1900.0200
20150513,1938.8500
20150509,1933.9500
20150508,1915.4600
20150507,1914.2700
20150506,1975.8800
20150501,1980.0500
20150430,2002.7200
20150429,2020.2900
20150428,1957.1700
20150425,1925.9000
20150424,1970.4900
20150423,2074.2200
20150422,2078.3300
20150421,1993.1000
20150418,1956.8600
20150417,1923.8500
20150416,1931.9800
20150415,1990.9500
20150414,2018.8600
20150411,1973.3600
20150410,2020.3700
20150409,2103.6900
20150408,2149.9100
20150407,2177.7100
20150404,2186.8600
20150403,2201.4800
20150402,2216.1600
20150401,2185.7300
20150331,2231.9200
20150328,2223.4800
20150327,2194.0600
20150326,2200.3300
20150325,2254.6800
20150324,2257.9000
20150321,2261.6400
20150320,2239.0700
20150319,2266.2800
20150318,2292.5700
20150317,2311.8700
20150314,2279.9000
20150313,2275.9200
20150312,2335.1100
20150311,2264.4400
20150307,2307.8600
20150306,2385.5600
20150305,2395.6300
20150304,2421.6300
20150303,2434.2000
20150228,2373.7700
20150227,2381.3200
20150226,2427.8800
20150225,2441.0200
20150221,2388.2900
20150220,2432.5100
20150219,2420.4900
20150218,2468.1800
20150217,2485.0900
20150214,2564.9700
20150213,2603.8300
20150212,2623.9900
20150211,2603.9000
20150210,2627.2700
20150207,2683.9000
20150206,2787.7100
20150205,2670.7200
20150204,2791.2200
20150203,2854.0000
20150131,2800.0700
20150130,2818.5100
20150129,2778.5600
20150128,2788.6200
20150127,2705.1700
20150124,2636.3200
20150123,2706.1200
20150122,2735.7500
20150121,2699.9700
20150120,2664.4400
20150117,2636.5200
20150116,2574.8200
20150115,2611.2300
20150114,2582.9800
20150113,2464.8000
20150101,2168.3400
20141231,2146.0800
20141230,2175.8300
20141227,1969.0500
20141226,1991.0600
20141225,2062.0300
20141224,2069.3400
20141223,2170.9600
20141220,2336.3100
20141219,2320.1300
20141218,2613.0300
20141217,2357.7900
20141216,2271.2100
20141213,2237.9200
20141212,2148.3200
20141211,2143.3000
20141210,2102.8600
20141209,2048.5200
20141206,2056.6700
20141205,2039.7300
20141204,2103.7900
20141203,1953.7700
20141202,1963.3600
20141129,1878.3100
20141128,1833.5100
20141127,1784.7500
20141126,1738.4600
20141125,1722.0900
20141122,1756.7800
20141121,1792.9000
20141120,1815.5700
20141119,1815.5400
20141118,1806.3600
20141115,1758.3300
20141114,1721.6400
20141113,1733.0100
20141112,1700.8500
20141111,1729.2600
20141108,1762.4900
20141107,1662.6600
20141106,1634.8100
20141101,1582.8700
20141031,1682.2100
20141030,1683.9700
20141029,1674.0800
20141028,1659.5900
20141025,1655.7500
20141024,1654.9800
20141023,1642.1200
20141022,1652.0500
20141021,1631.1300
20141018,1633.7000
20141017,1625.7100
20141016,1610.5000
20141015,1606.7000
20141014,1592.0800
20141011,1580.2000
20141010,1577.8100
20141009,1568.2500
20141008,1542.8500
20141007,1533.8600
20141004,1541.1600
20141003,1544.2100
20141002,1540.9700
20141001,1532.1200
20140930,1542.0500
20140927,1521.7200
20140926,1490.6000
20140925,1510.4700
20140924,1522.8900
20140923,1505.7400
20140920,1509.8100
20140919,1510.7200
20140918,1525.4700
20140917,1541.5200
20140916,1507.9800
20140913,1497.8400
20140912,1498.4700
20140911,1498.8500
20140910,1495.1600
20140909,1511.0200
20140906,1500.4500
20140905,1503.9300
20140904,1521.9600
20140903,1534.2800
20140902,1543.4700
20140830,1526.6700
20140829,1503.4100
20140828,1493.0600
20140827,1494.6500
20140826,1483.2500
20140823,1482.7700
20140822,1495.7400
20140821,1507.6100
20140820,1509.5200
20140819,1509.0700
20140816,1520.4500
20140815,1523.6900
20140814,1524.7100
20140813,1521.1400
20140812,1516.2000
20140809,1543.8000
20140808,1517.4200
20140807,1495.9100
20140806,1487.9000
20140805,1483.0100
20140802,1475.4500
20140801,1475.7100
20140731,1490.3800
20140730,1497.9400
20140729,1482.9900
20140726,1456.6400
20140725,1466.1400
20140724,1463.3100
20140723,1472.3600
20140722,1481.0000
20140719,1481.2500
20140718,1457.5700
20140717,1434.4000
20140716,1449.8800
20140715,1457.6100
20140712,1463.4600
20140711,1461.2300
20140710,1448.8800
20140709,1459.0600
20140708,1459.5700
20140705,1458.3100
20140704,1453.9400
20140703,1460.9500
20140702,1458.9100
20140701,1428.6600
20140628,1422.1100
20140627,1423.1300
20140626,1430.2600
20140625,1445.4000
20140624,1447.6300
20140621,1449.6400
20140620,1413.8500
20140619,1420.7600
20140618,1415.1700
20140617,1424.4100
20140612,1393.1700
20140611,1385.0700
20140610,1385.2000
20140607,1397.2800
20140606,1396.8600
20140605,1407.6900
20140604,1400.5800
20140603,1396.2300
20140531,1400.4200
20140530,1396.9100
20140529,1402.9900
20140528,1413.0800
20140527,1414.9700
20140524,1425.3600
20140523,1426.7100
20140522,1433.4100
20140521,1436.7100
20140520,1453.0800
20140517,1446.6500
20140516,1454.5200
20140515,1450.9700
20140514,1449.6700
20140513,1463.3900
20140509,1454.4400
20140508,1496.1900
20140507,1499.9800
20140506,1476.2800
20140501,1483.8800
20140430,1480.2800
20140429,1507.9900
20140426,1495.0400
20140425,1472.4800
20140424,1471.6300
20140423,1480.6100
20140422,1489.6600
20140419,1484.2400
20140418,1500.8100
20140417,1506.8900
20140416,1516.4300
20140415,1532.5400
20140412,1508.6900
20140411,1510.7600
20140410,1505.3800
20140409,1502.6000
20140408,1481.2700
20140405,1476.3800
20140404,1469.8400
20140403,1455.2400
20140402,1448.6600
20140401,1481.2900
20140329,1486.7000
20140328,1481.4200
20140327,1498.1700
20140326,1518.8300
20140325,1537.1900
20140322,1566.5200
20140321,1540.5200
20140320,1566.8500
20140319,1596.6500
20140318,1624.9300
20140315,1613.8200
20140314,1606.9600
20140313,1590.3900
20140312,1577.6100
20140308,1571.8500
20140307,1549.6600
20140306,1547.0700
20140305,1564.1900
20140304,1572.2200
20140301,1544.6600
20140228,1542.6800
20140227,1541.7800
20140226,1524.0000
20140225,1521.9000
20140222,1515.2000
20140221,1510.7300
20140220,1508.7900
20140219,1488.6900
20140218,1496.2800
20140215,1483.1900
20140214,1446.1200
20140213,1437.7200
20140212,1435.0500
20140211,1423.3600
20140208,1401.8200
20140207,1405.1800
20140206,1412.8200
20140205,1428.1100
20140204,1412.0600
20140201,1409.8700
20140131,1420.9600
20140130,1394.3200
20140129,1395.4200
20140128,1417.2300
20140125,1387.0400
20140124,1361.4600
20140123,1349.7000
20140122,1356.5700
20140121,1357.1900
20140118,1334.0000
20140117,1328.6500
20140116,1327.6600
20140115,1334.4700
20140114,1326.8000
20140111,1315.5500
20140110,1306.8500
20140101,1261.5800
20131231,1264.3000
20131228,1268.5300
20131227,1256.8000
20131226,1255.9400
20131225,1255.1600
20131224,1263.5800
20131221,1267.0900
20131220,1276.9100
20131219,1306.0800
20131218,1307.3000
20131217,1299.1600
20131214,1292.0500
20131213,1309.4000
20131212,1320.9500
20131211,1313.0900
20131210,1294.6500
20131207,1303.8700
20131206,1313.7600
20131205,1297.2300
20131204,1302.9700
20131203,1318.8500
20131130,1328.8500
20131129,1322.7800
20131128,1327.1800
20131127,1326.5300
20131126,1297.8800
20131123,1313.6900
20131122,1325.3500
20131121,1338.4700
20131120,1333.8600
20131119,1343.8400
20131116,1346.7500
20131115,1348.6000
20131114,1346.3500
20131113,1351.1800
20131112,1348.0800
20131109,1369.7900
20131108,1370.0200
20131107,1374.0600
20131106,1363.8400
20131102,1360.2900
20131101,1375.4400
20131031,1391.0600
20131030,1383.1600
20131029,1381.7700
20131026,1366.5100
20131025,1360.2400
20131024,1360.4800
20131023,1346.8000
20131022,1349.7600
20131019,1348.4400
20131018,1349.6500
20131017,1325.6200
20131016,1302.4900
20131015,1323.7000
20131012,1331.6300
20131011,1350.2900
20131010,1362.4800
20131009,1371.7500
20131008,1361.1400
20131005,1358.1800
20131004,1351.9900
20131003,1343.4300
20131002,1383.3500
20131001,1395.0300
20130928,1374.2500
20130927,1378.3400
20130926,1355.5100
20130925,1346.6900
20130924,1356.0500
20130921,1382.6600
20130920,1384.7900
20130919,1347.4500
20130918,1368.9300
20130917,1364.9300
20130914,1377.1100
20130913,1407.8800
20130912,1446.8700
20130911,1459.3700
20130910,1484.9600
20130907,1470.7600
20130906,1494.0700
20130905,1510.3600
20130904,1492.6000
20130903,1487.3600
20130831,1488.7500
20130830,1500.0600
20130829,1520.6600
20130828,1502.5900
20130827,1459.5600
20130824,1460.7500
20130823,1462.4700
20130822,1441.7700
20130821,1449.0500
20130820,1455.6800
20130817,1441.1900
20130816,1421.1900
20130815,1410.6700
20130814,1417.1700
20130813,1401.9400
20130810,1379.2500
20130809,1363.7900
20130808,1352.6500
20130807,1368.2400
20130806,1385.9300
20130803,1368.1900
20130802,1403.3600
20130801,1414.1000
20130731,1398.2000
20130730,1405.7100
20130727,1393.2200
20130726,1372.4900
20130725,1393.5400
20130724,1378.2400
20130723,1365.2800
20130720,1340.8000
20130719,1333.0900
20130718,1339.9500
20130717,1345.4600
20130716,1343.8000
20130713,1338.1000
20130712,1341.8200
20130711,1325.0300
20130710,1331.7300
20130709,1312.8700
20130706,1316.8200
20130705,1332.1300
20130704,1330.8000
20130703,1335.4900
20130702,1313.3900
20130629,1265.3600
20130628,1302.2300
20130627,1299.5000
20130626,1351.5400
20130625,1357.7700
20130622,1358.2700
20130621,1370.3200
20130620,1410.6500
20130619,1413.0200
20130618,1411.6400
20130615,1410.7800
20130614,1441.6600
20130612,1426.3700
20130611,1430.8000
20130608,1461.5100
20130607,1446.0700
20130606,1435.9300
20130605,1438.2700
20130604,1439.2000
20130601,1441.7300
20130531,1428.2100
20130530,1403.0500
20130529,1391.1900
20130528,1399.1400
20130525,1394.7300
20130524,1402.3800
20130523,1390.7900
20130522,1382.0100
20130521,1364.0700
20130518,1389.5700
20130517,1390.8600
20130516,1426.9900
20130515,1444.5500
20130514,1442.3500
20130509,1453.0400
20130508,1461.8400
20130507,1468.3200
20130501,1469.9000
20130430,1479.7100
20130427,1467.7100
20130426,1456.4200
20130425,1446.8600
20130424,1441.7600
20130423,1446.2100
20130420,1430.2300
20130419,1424.4700
20130418,1384.7000
20130417,1393.4000
20130416,1425.1800
20130413,1539.4000
20130412,1544.6400
20130411,1576.4200
20130410,1577.8100
20130409,1603.1600
20130406,1578.5700
20130405,1575.8900
20130404,1583.0400
20130403,1598.4800
20130402,1598.5500
20130330,1597.2200
20130329,1596.9700
20130328,1578.7000
20130327,1585.4300
20130326,1584.4800
20130323,1602.6400
20130322,1597.8300
20130321,1603.2700
20130320,1588.3300
20130319,1588.5600
20130316,1573.5900
20130315,1568.3600
20130314,1571.9200
20130313,1564.5100
20130312,1559.9600
20130308,1563.1900
20130307,1549.6000
20130306,1563.5100
20130305,1561.9400
20130302,1546.5100
20130301,1560.7600
20130228,1583.5100
20130227,1570.8200
20130226,1553.2400
20130223,1542.2100
20130222,1524.6400
20130221,1547.7500
20130220,1562.8800
20130219,1560.6000
20130216,1577.4100
20130215,1589.7600
20130214,1593.2000
20130213,1592.5500
20130212,1612.9900
20130209,1618.9700
20130208,1618.9700
20130207,1608.5900
20130206,1625.1100
20130205,1601.2000
20130202,1605.7500
20130201,1615.9600
20130131,1608.6200
20130130,1609.6700
20130129,1602.1400
20130126,1613.4100
20130125,1626.3900
20130124,1644.6800
20130123,1643.0600
20130122,1644.2300
20130119,1641.2600
20130118,1642.1000
20130117,1638.5100
20130116,1635.1700
20130115,1622.5600
20130112,1623.8900
20130111,1623.5100
20130110,1627.0200
20121230,1618.5600
20121229,1619.7800
20121228,1622.1100
20121227,1636.3900
20121226,1635.1900
20121225,1646.5200
20121222,1627.9000
20121221,1648.5500
20121220,1656.0400
20121219,1693.0700
20121218,1671.8600
20121215,1673.9000
20121214,1667.5000
20121213,1692.0500
20121212,1690.3500
20121211,1695.6000
20121208,1689.5500
20121207,1682.5100
20121206,1687.6700
20121205,1700.7400
20121204,1703.2500
20121201,1712.0000
20121130,1721.8900
20121129,1743.0900
20121128,1738.1200
20121127,1742.5600
20121124,1736.3700
20121123,1732.4800
20121122,1744.4200
20121121,1752.0000
20121120,1754.5100
20121117,1743.8100
20121116,1756.1000
20121115,1759.0500
20121114,1758.7400
20121113,1763.7500
20121110,1754.6300
20121109,1737.6700
20121108,1741.6200
20121107,1714.3800
20121103,1723.5300
20121102,1737.8300
20121101,1732.9600
20121031,1736.7300
20121030,1730.3700
20121027,1724.5200
20121026,1723.0700
20121025,1719.5100
20121024,1717.7500
20121023,1714.1800
20121020,1714.8600
20121019,1726.4200
20121018,1730.4900
20121017,1728.8900
20121016,1745.8800
20121013,1759.6300
20121012,1770.8400
20121011,1768.5700
20121010,1770.5200
20121009,1767.5300
20121006,1782.5700
20121005,1787.5100
20121004,1782.4400
20121003,1780.3000
20121002,1779.0600
20120929,1770.3200
20120928,1760.4200
20120927,1770.4800
20120926,1770.0000
20120925,1766.8600
20120922,1777.3500
20120921,1786.7300
20120920,1760.8000
20120919,1744.1000
20120918,1737.8900
20120915,1756.2400
20120914,1746.9500
20120913,1763.7300
20120912,1768.4700
20120911,1767.2100
20120908,1745.6600
20120907,1768.7200
20120906,1763.2300
20120905,1751.1000
20120904,1757.2100
20120901,1735.7500
20120831,1720.3900
20120830,1717.2600
20120829,1712.4300
20120828,1708.1000
20120825,1704.3500
20120824,1693.4700
20120823,1677.5300
20120822,1668.7500
20120821,1662.6600
20120818,1655.1400
20120817,1644.6200
20120816,1633.1900
20120815,1649.3000
20120814,1662.2600
20120811,1649.5600
20120810,1632.3100
20120809,1637.3400
20120808,1642.0900
20120807,1650.2300
20120804,1668.4600
20120803,1674.2900
20120802,1678.5400
20120801,1680.2600
20120731,1672.8700
20120728,1676.5000
20120727,1681.2800
20120726,1682.5500
20120725,1650.3200
20120724,1635.7900
20120721,1626.1300
20120720,1629.4200
20120719,1645.5500
20120718,1666.3800
20120717,1661.2700
20120714,1657.9700
20120713,1646.7500
20120712,1663.9200
20120711,1690.4600
20120710,1676.9300
20120707,1669.5600
20120706,1687.9200
20120705,1674.3400
20120704,1679.6300
20120703,1669.3900
20120630,1655.9600
20120629,1660.3800
20120628,1654.9300
20120627,1688.6000
20120626,1673.2100
20120623,1692.4700
20120622,1692.6900
20120621,1692.2900
20120620,1703.2700
20120619,1677.1600
20120616,1689.5800
20120615,1695.6800
20120614,1697.2500
20120610,1651.6500
20120609,1658.7100
20120608,1677.4800
20120607,1721.7500
20120606,1714.2600
20120605,1757.6000
20120602,1684.0200
20120601,1658.9100
20120531,1615.8400
20120530,1623.4600
20120529,1615.7300
20120526,1593.3000
20120525,1584.6200
20120524,1568.8400
20120523,1573.7700
20120522,1593.0500
20120519,1602.7300
20120518,1538.9500
20120517,1531.1900
20120516,1520.2200
20120515,1520.8700
20120513,1535.9600
20120512,1536.3900
20120511,1543.2600
20120506,1575.2600
20120505,1550.4000
20120504,1555.8700
20120503,1560.4400
20120429,1570.4000
20120428,1564.6600
20120427,1551.4600
20120426,1545.8800
20120425,1551.8900
20120424,1547.2300
20120421,1556.5800
20120420,1557.9900
20120419,1561.5000
20120418,1574.1000
20120417,1577.1300
20120414,1582.8300
20120413,1573.8300
20120412,1584.8600
20120411,1566.1900
20120410,1554.0400
20120407,1544.8500
20120406,1535.2200
20120405,1543.8800
20120404,1577.3400
20120403,1570.0800
20120331,1565.9600
20120330,1558.9600
20120329,1568.1400
20120328,1576.5400
20120327,1558.1900
20120324,1560.7800
20120323,1538.2300
20120322,1555.0800
20120321,1545.7700
20120320,1553.9700
20120317,1556.4500
20120316,1566.2100
20120315,1576.9900
20120314,1607.8800
20120313,1626.4700
20120312,1602.7100
20120308,1604.5300
20120307,1595.9400
20120306,1598.9500
20120303,1614.8700
20120302,1620.6000
20120301,1668.5300
20120229,1651.8900
20120228,1652.8100
20120225,1683.9000
20120223,1679.4700
20120222,1663.0700
20120221,1655.9400
20120218,1670.4500
20120217,1666.6900
20120216,1661.1800
20120215,1664.7400
20120214,1659.4700
20120211,1648.7000
20120210,1653.6600
20120209,1663.9600
20120208,1663.7900
20120207,1668.9100
20120204,1710.5700
20120203,1695.9200
20120202,1704.9300
20120201,1693.8300
20120131,1679.6300
20120128,1680.9800
20120127,1672.0500
20120126,1635.7200
20120125,1656.7500
20120124,1687.3300
20120121,1655.7600
20120120,1684.0200
20120119,1680.4000
20120118,1685.5600
20120117,1687.4000
20120114,1667.3100
20120113,1683.1700
20120112,1671.8700
20120111,1667.2500
20111231,1629.8100
20111230,1582.7900
20111229,1607.4200
20111228,1606.5300
20111227,1613.8600
20111224,1615.4600
20111223,1632.7900
20111222,1672.3000
20111221,1653.9400
20111220,1640.5700
20111217,1623.5700
20111216,1630.5000
20111215,1669.8000
20111214,1695.3500
20111213,1696.7400
20111210,1737.6300
20111209,1746.1200
20111208,1733.7400
20111207,1719.9500
20111206,1732.9700
20111203,1734.4700
20111202,1735.6600
20111201,1720.2500
20111130,1729.0400
20111129,1730.9800
20111126,1701.6100
20111125,1717.1900
20111124,1691.9500
20111123,1695.1900
20111122,1696.6500
20111119,1719.7400
20111118,1735.1200
20111117,1758.0800
20111116,1739.8300
20111115,1734.0500
20111112,1731.3700
20111111,1751.3500
20111110,1722.7600
20111109,1759.2700
20111108,1733.7100
20111104,1718.0300
20111103,1707.6000
20111102,1676.9000
20111101,1663.9200
20111029,1667.7400
20111028,1660.7000
20111027,1683.7900
20111026,1623.9600
20111025,1636.2400
20111022,1635.1400
20111021,1643.4200
20111020,1641.5600
20111019,1650.8500
20111018,1669.1000
20111015,1669.9100
20111014,1678.2700
20111013,1703.9000
20111012,1679.2900
20111011,1712.4800
20111008,1709.2300
20111007,1724.0100
20111006,1678.9100
20111005,1756.7400
20111004,1739.2800
20111001,1681.7100
20110930,1660.1900
20110929,1693.0200
20110928,1730.9900
20110927,1685.5300
20110924,1785.8900
20110923,1811.3100
20110922,1828.2200
20110921,1814.6100
20110920,1803.2400
20110917,1745.3800
20110916,1771.2000
20110915,1785.5300
20110914,1752.8000
20110913,1795.5900
20110910,1794.1100
20110909,1732.9000
20110908,1748.3700
20110907,1800.2400
20110906,1789.1900
20110903,1732.2200
20110902,1686.3600
20110901,1698.2700
20110831,1661.6400
20110830,1650.4500
20110827,1658.7800
20110826,1593.9300
20110825,1719.1600
20110824,1756.1700
20110823,1766.1800
20110820,1752.2900
20110819,1668.0300
20110818,1654.7200
20110817,1641.7100
20110816,1612.5000
20110813,1661.4300
20110812,1689.1600
20110811,1652.4300
20110810,1674.0000
20110809,1567.7900
20110806,1516.9700
20110805,1489.8000
20110804,1495.7300
20110803,1452.3200
20110802,1427.6300
20110730,1436.1100
20110729,1434.8200
20110728,1430.2800
20110727,1425.8500
20110726,1443.5400
20110723,1415.1000
20110722,1436.0700
20110721,1428.5500
20110720,1449.9000
20110719,1447.9000
20110716,1427.4800
20110715,1436.7200
20110714,1427.6200
20110713,1409.4700
20110712,1393.6500
20110709,1368.2400
20110708,1373.2400
20110707,1359.2300
20110706,1342.5700
20110705,1336.6200
20110702,1336.7800
20110701,1351.3600
20110630,1359.4000
20110629,1363.9400
20110628,1368.0100
20110625,1377.3300
20110624,1390.5000
20110623,1386.5700
20110622,1389.6300
20110621,1392.4500
20110618,1382.6900
20110617,1382.1500
20110616,1361.2200
20110615,1362.4700
20110611,1376.8700
20110610,1366.3000
20110609,1366.7200
20110608,1383.0200
20110607,1377.6600
20110604,1372.0900
20110603,1389.0900
20110602,1377.8000
20110601,1382.6700
20110531,1383.4100
20110528,1378.5500
20110527,1380.8400
20110526,1398.1700
20110525,1390.3800
20110524,1374.5600
20110521,1348.6800
20110520,1338.3300
20110519,1344.6900
20110518,1351.9400
20110517,1351.6900
20110514,1352.9300
20110513,1337.2300
20110512,1354.1900
20110511,1359.2500
20110507,1323.2100
20110506,1327.4700
20110505,1351.5000
20110504,1359.1200
20110430,1357.7100
20110429,1353.5100
20110428,1343.6900
20110427,1349.8200
20110426,1353.5600
20110423,1351.0100
20110422,1353.7200
20110421,1361.8800
20110420,1366.0800
20110419,1344.1900
20110416,1336.0500
20110415,1320.9100
20110414,1317.8900
20110413,1322.2900
20110412,1321.7300
20110409,1329.5000
20110408,1321.8800
20110407,1321.7600
20110406,1305.7200
20110405,1300.0500
20110402,1308.3600
20110401,1311.9600
20110331,1296.9800
20110330,1288.5300
20110329,1297.0800
20110326,1301.2300
20110325,1316.0500
20110324,1302.4600
20110323,1290.4200
20110322,1302.1600
20110319,1295.9400
20110318,1296.9500
20110317,1288.5500
20110316,1299.4600
20110315,1312.7700
20110312,1297.7200
20110311,1302.0900
20110310,1302.2200
20110306,1292.4900
20110305,1285.0800
20110304,1302.6100
20110303,1316.6300
20110302,1307.7800
20110301,1310.0000
20110226,1307.2900
20110225,1326.1700
20110223,1313.0100
20110222,1311.8200
20110219,1303.3100
20110218,1294.7100
20110217,1293.6300
20110216,1292.0200
20110215,1276.2600
20110212,1281.0700
20110211,1282.3000
20110210,1283.5400
20110209,1273.5300
20110208,1271.8800
20110205,1274.2900
20110204,1257.3300
20110203,1264.7200
20110202,1275.2000
20110201,1277.6900
20110129,1255.2800
20110128,1276.0200
20110127,1278.5400
20110126,1270.2100
20110125,1293.2600
20110122,1296.7900
20110121,1312.3500
20110120,1317.2900
20110119,1315.2600
20110118,1311.6700
20110115,1318.6500
20110114,1335.8700
20110113,1352.1500
20110112,1359.7600
20110101,1376.1100
20101231,1383.0600
20101230,1369.9100
20101229,1343.5900
20101228,1351.4700
20101225,1357.1700
20101224,1361.2500
20101223,1371.8200
20101222,1368.8600
20101221,1366.4000
20101218,1355.5100
20101217,1368.4000
20101216,1371.1300
20101215,1388.7900
20101214,1379.1900
20101211,1379.1400
20101210,1376.6500
20101209,1401.2600
20101208,1431.5200
20101207,1419.8100
20101204,1398.9400
20101203,1401.1000
20101202,1407.2500
20101201,1385.1700
20101130,1368.8600
20101127,1377.5000
20101126,1378.4600
20101125,1384.6300
20101124,1368.0300
20101123,1352.7600
20101120,1350.7600
20101119,1360.9600
20101118,1347.0400
20101117,1361.1700
20101116,1356.4400
20101114,1376.8000
20101113,1372.2300
20101112,1386.0700
20101111,1383.4700
20101110,1405.2200
20101109,1376.5700
20101104,1343.9700
20101103,1344.4900
20101102,1347.0700
20101030,1322.9400
20101029,1308.3800
20101028,1309.3200
20101027,1303.8300
20101026,1307.0500
20101023,1293.3100
20101022,1329.3000
20101021,1327.2800
20101020,1337.4800
20101019,1334.4000
20101016,1333.8900
20101015,1328.7200
20101014,1315.8500
20101013,1299.1300
20101012,1293.3600
20101009,1279.3900
20101008,1295.2400
20101007,1294.5700
20101006,1297.3000
20101005,1290.3000
20101002,1287.9200
20101001,1286.0900
20100930,1278.0500
20100929,1268.1900
20100928,1277.7300
20100925,1291.5100
20100924,1287.3300
20100923,1286.7300
20100922,1277.8400
20100921,1275.2000
20100918,1280.6400
20100917,1267.9300
20100916,1255.5800
20100915,1237.1900
20100914,1226.2000
20100911,1240.3300
20100910,1244.5000
20100909,1249.2600
20100908,1232.3500
20100907,1228.3500
20100904,1235.4400
20100903,1230.9900
20100902,1237.8100
20100901,1224.1200
20100831,1217.5500
20100828,1218.3600
20100827,1229.0500
20100826,1229.2400
20100825,1204.3900
20100824,1207.3000
20100821,1207.0200
20100820,1202.7400
20100819,1196.3500
20100818,1200.5400
20100817,1199.0700
20100814,1188.3000
20100813,1174.7600
20100812,1163.3900
20100811,1155.2100
20100810,1156.1800
20100807,1145.6400
20100806,1147.8300
20100805,1144.2800
20100804,1140.7800
20100803,1143.2500
20100731,1133.5800
20100730,1132.7800
20100729,1130.4300
20100728,1151.1000
20100727,1158.3100
20100724,1171.0200
20100723,1164.7500
20100722,1164.5300
20100721,1155.0000
20100720,1169.9800
20100717,1179.8800
20100716,1190.6500
20100715,1190.2500
20100714,1196.8300
20100713,1195.1900
20100710,1184.4000
20100709,1195.2400
20100708,1185.5700
20100707,1211.1000
20100706,1208.8500
20100703,1214.0300
20100702,1250.6400
20100701,1246.5600
20100630,1239.6500
20100629,1251.1500
20100626,1241.4100
20100625,1229.7400
20100624,1237.6400
20100623,1227.0100
20100622,1244.2400
20100619,1235.2200
20100618,1237.7500
20100617,1237.6100
20100616,1237.0000
20100612,1233.9800
20100611,1238.4600
20100610,1259.8800
20100609,1268.7200
20100608,1238.7600
20100605,1202.1500
20100604,1211.5300
20100603,1224.4000
20100602,1218.4400
20100601,1193.3900
20100529,1190.2700
20100528,1202.0000
20100527,1222.2600
20100526,1201.9600
20100525,1175.0700
20100522,1181.7500
20100521,1173.8400
20100520,1193.6300
20100519,1187.3100
20100518,1214.2300
20100515,1197.0900
20100514,1185.6100
20100513,1205.3900
20100512,1180.1300
20100508,1184.7800
20100507,1147.4600
20100506,1118.4100
20100505,1115.5100
20100501,1101.5800
20100430,1101.7300
20100429,1099.7400
20100428,1076.6300
20100427,1079.2300
20100424,1072.9600
20100423,1071.6000
20100422,1069.7300
20100421,1070.3100
20100420,1058.3900
20100417,1079.9600
20100416,1070.8400
20100415,1082.2700
20100414,1072.6100
20100413,1082.6700
20100410,1089.8300
20100409,1083.7200
20100408,1067.3200
20100407,1056.7200
20100406,1055.0900
20100403,1055.4400
20100402,1056.2900
20100401,1052.1400
20100331,1047.6800
20100330,1058.6400
20100327,1041.9000
20100326,1042.6500
20100325,1040.2900
20100324,1042.9700
20100323,1041.6000
20100320,1054.9000
20100319,1054.8400
20100318,1061.7500
20100317,1053.1400
20100316,1041.2400
20100313,1057.1100
20100312,1049.6800
20100311,1074.6600
20100310,1071.2600
20100306,1088.7700
20100305,1089.4200
20100304,1089.1400
20100303,1075.6100
20100302,1075.1000
20100228,1067.0900
20100227,1074.4200
20100226,1055.8100
20100225,1055.3100
20100220,1073.1000
20100219,1070.3200
20100218,1077.7200
20100217,1079.9000
20100216,1068.2900
20100213,1045.5200
20100212,1045.5200
20100211,1045.8600
20100210,1042.9300
20100209,1049.7800
20100206,1030.7000
20100205,1063.5800
20100204,1074.4300
20100203,1081.0300
20100202,1057.5100
20100130,1059.3500
20100129,1065.7600
20100128,1066.1900
20100127,1063.0500
20100126,1067.7100
20100123,1048.6400
20100122,1055.9100
20100121,1077.8400
20100120,1076.2100
20100119,1080.7100
20100116,1075.8400
20100115,1076.2900
20100114,1079.4800
20100113,1088.7800
20100112,1095.6300
20100101,1071.4000
20091231,1062.3200
20091230,1058.5200
20091229,1050.9400
20091226,1044.9500
20091225,1062.8000
20091224,1059.5600
20091223,1071.0400
20091222,1093.5400
20091219,1092.8100
20091218,1097.5500
20091217,1100.9800
20091216,1077.8700
20091215,1082.0000
20091212,1107.2800
20091211,1108.5000
20091210,1129.5000
20091209,1129.8300
20091208,1089.1600
20091205,1129.5300
20091204,1145.3700
20091203,1131.7500
20091202,1119.5800
20091201,1095.3300
20091128,1116.3700
20091127,1098.2400
20091126,1089.0300
20091125,1085.3900
20091124,1079.5900
20091121,1059.9200
20091120,1049.8900
20091119,1058.0400
20091118,1043.4500
20091117,1040.4600
20091114,1026.7100
20091113,1028.6900
20091112,1028.6300
20091111,1016.1500
20091110,1028.1800
20091107,1021.5000
20091106,1019.0700
20091104,994.4000
20091103,987.4300
20091031,975.5000
20091030,975.5100
20091029,971.2900
20091028,970.9800
20091027,981.6300
20091024,989.4900
20091023,986.3300
20091022,987.8100
20091021,998.5800
20091020,995.2300
20091017,987.9400
20091016,992.1700
20091015,1009.8500
20091014,1009.7700
20091013,1000.9600
20091010,996.4500
20091009,1005.1100
20091008,1002.5100
20091007,978.5500
20091006,971.1600
20091003,966.5700
20091002,972.0800
20091001,966.0100
20090930,959.5000
20090929,961.6800
20090926,966.0200
20090925,980.2400
20090924,978.7600
20090923,987.5000
20090922,975.7200
20090919,990.2300
20090918,997.0300
20090917,1000.7600
20090916,993.8400
20090915,986.5200
20090912,986.0900
20090911,981.5600
20090910,997.0800
20090909,1013.2800
20090908,1003.1600
20090905,1003.2100
20090904,1003.4900
20090903,981.7000
20090902,970.2300
20090901,978.1200
20090829,964.9700
20090828,959.7900
20090827,958.5700
20090826,960.9100
20090825,967.5800
20090822,966.9500
20090821,958.5900
20090820,958.7500
20090819,962.8400
20090818,973.1800
20090815,976.5600
20090814,988.0300
20090813,991.7000
20090812,965.5900
20090811,970.2600
20090808,974.2000
20090807,963.1600
20090806,965.4000
20090805,951.8100
20090804,958.5100
20090801,938.0000
20090731,951.5400
20090730,944.9100
20090729,940.8600
20090728,945.0000
20090725,950.7800
20090724,954.4100
20090723,944.7400
20090722,950.0500
20090721,960.5100
20090718,954.9400
20090717,953.0100
20090716,958.2100
20090715,963.3500
20090714,965.6400
20090711,937.2600
20090710,937.8200
20090709,940.8300
20090708,936.6400
20090707,930.7100
20090704,936.8400
20090703,936.6500
20090702,934.1000
20090701,939.0300
20090630,945.4000
20090627,943.4500
20090626,937.2600
20090625,929.7400
20090624,934.2400
20090623,928.0800
20090620,935.2700
20090619,936.6400
20090618,934.5400
20090617,943.2300
20090616,933.5400
20090612,947.1400
20090611,955.8200
20090610,957.4100
20090609,945.6400
20090606,964.8100
20090605,960.2000
20090604,960.4200
20090603,961.8800
20090602,975.6000
20090530,968.2700
20090529,956.5400
20090528,951.9800
20090527,943.3000
20090526,958.1500
20090523,955.4500
20090522,950.7300
20090521,949.3200
20090520,946.5700
20090519,965.2700
20090516,954.0300
20090515,954.8400
20090514,951.9600
20090513,954.8500
20090509,960.2700
20090508,962.2900
20090507,955.3500
20090506,952.6800
20090505,937.5000
20090501,942.4600
20090430,956.2000
20090429,967.6500
20090428,978.7900
20090425,976.6600
20090424,971.6100
20090423,969.1100
20090422,974.4900
20090421,938.0700
20090418,938.2800
20090417,955.1600
20090416,959.5800
20090415,960.7600
20090414,947.9500
20090411,952.0500
20090410,952.7900
20090409,963.5400
20090408,943.7200
20090407,938.0600
20090404,968.3400
20090403,992.9800
20090402,1003.5200
20090401,1001.1800
20090331,1009.3500
20090328,995.8400
20090327,1006.5800
20090326,998.9500
20090325,993.5200
20090324,1020.1400
20090321,1028.3700
20090320,1019.1700
20090319,1007.8700
20090318,1021.4000
20090317,1033.8500
20090314,1030.2700
20090313,1037.7200
20090312,1016.1200
20090311,1038.9800
20090307,1077.4600
20090306,1053.7900
20090305,1061.1000
20090304,1076.4400
20090303,1103.9900
20090228,1083.8400
20090227,1085.3300
20090226,1098.9200
20090225,1146.3700
20090221,1137.8300
20090220,1129.6000
20090219,1129.8600
20090218,1102.4300
20090217,1054.4600
20090214,1043.5600
20090213,1056.2000
20090212,1062.1800
20090211,1034.9900
20090210,1046.4800
20090207,1069.0500
20090206,1067.8600
20090205,1044.6800
20090204,1047.7400
20090203,1062.7900
20090131,1045.8100
20090130,979.6500
20090129,951.7700
20090128,950.5700
20090127,958.9100
20090124,923.2200
20090123,893.9600
20090122,903.0900
20090121,897.0600
20090120,891.3900
20090117,863.2400
20090116,842.0100
20090115,839.4300
20090114,818.6200
20090113,845.6200
20090112,831.7100
20090101,817.3900
20081231,821.8000
20081230,827.9300
20081227,780.3200
20081226,771.3800
20081225,769.7200
20081224,768.9000
20081223,768.8800
20081220,748.1400
20081219,774.4900
20081218,755.3800
20081217,739.6400
20081216,740.0400
20081213,727.5200
20081212,737.2600
20081211,703.9900
20081210,694.1400
20081209,695.3000
20081206,697.0200
20081205,694.5900
20081204,694.3600
20081203,695.8300
20081202,714.6100
20081129,722.0200
20081128,717.2000
20081127,718.5700
20081126,706.7200
20081125,726.3600
20081122,672.2500
20081121,660.6200
20081120,650.8900
20081119,649.5200
20081118,657.1900
20081115,641.2000
20081114,635.1900
20081113,646.0600
20081112,652.0000
20081111,651.7000
20081108,644.2100
20081107,639.4000
20081106,651.8100
20081102,636.2000
20081101,634.6900
20081031,659.0200
20081030,652.7600
20081029,653.9400
20081028,633.5700
20081025,602.4700
20081024,629.7400
20081023,655.6500
20081022,663.9400
20081021,672.6900
20081018,676.0200
20081017,707.4800
20081016,712.9500
20081015,712.4900
20081014,726.1600
20081011,773.5100
20081010,743.2300
20081009,767.9800
20081008,742.1500
20081007,704.0400
20081004,701.5300
20081003,719.1400
20081002,721.0600
20081001,731.7000
20080930,711.4500
20080927,699.0900
20080926,711.6400
20080925,716.1600
20080924,716.9700
20080923,709.2400
20080920,686.2500
20080919,706.6200
20080918,644.6100
20080917,639.4300
20080916,636.2000
20080913,625.9300
20080912,615.7300
20080911,636.6600
20080910,657.7600
20080909,655.0500
20080906,651.6500
20080905,657.0400
20080904,635.3700
20080903,637.7600
20080902,659.8300
20080830,660.9700
20080829,656.6300
20080828,659.2700
20080827,639.9200
20080826,647.4400
20080823,647.6400
20080822,641.4500
20080821,633.7000
20080820,624.8500
20080819,627.9200
20080816,618.2800
20080815,650.7200
20080814,639.9400
20080813,632.9500
20080812,682.3100
20080809,663.6800
20080808,669.0800
20080807,668.8700
20080806,666.0600
20080805,684.7300
20080802,686.2800
20080801,686.6700
20080731,689.0400
20080730,696.5700
20080729,697.9300
20080726,700.0700
20080725,697.3200
20080724,700.8900
20080723,725.6300
20080722,721.1000
20080719,716.9800
20080718,720.1900
20080717,725.3700
20080716,729.9300
20080715,715.3100
20080712,713.1300
20080711,701.3100
20080710,695.0200
20080709,702.1600
20080708,697.6000
20080705,703.5900
20080704,706.2700
20080703,704.6200
20080702,701.3500